City_ID,City,Lat,Lng,Max Temp,Humidity,Cloudiness,Wind Speed,Country,Date
0,Mataura,-46.1927,168.8643,47.48,81,94,5.86,NZ,2022-07-05 22:29:33
1,Punta Arenas,-53.15,-70.9167,21.31,100,0,6.91,CL,2022-07-05 22:29:34
2,Biltine,14.5333,20.9167,83.26,50,37,10.36,TD,2022-07-05 22:29:34
3,Chuguyevka,44.1653,133.8633,70.45,94,77,2.3,RU,2022-07-05 22:29:35
4,Dikson,73.5069,80.5464,34.7,98,95,10.51,RU,2022-07-05 22:29:35
5,Kapaa,22.0752,-159.319,87.78,75,100,16.11,US,2022-07-05 22:29:35
6,Arlit,18.7369,7.3853,91.15,31,91,13.42,NE,2022-07-05 22:29:36
7,Busselton,-33.65,115.3333,50.5,66,76,9.13,AU,2022-07-05 22:29:36
8,Pizarro,4.9533,-77.366,78.26,88,85,6.69,CO,2022-07-05 22:29:37
9,Georgetown,5.4112,100.3354,80.89,86,20,2.3,MY,2022-07-05 22:29:18
10,Hobyo,5.3505,48.5268,75.87,83,54,29.3,SO,2022-07-05 22:29:37
11,Emba,48.8264,58.1442,59.56,77,84,14.43,KZ,2022-07-05 22:29:37
12,Russell,32.3502,-85.1999,93.0,55,0,5.75,US,2022-07-05 22:29:38
13,Upernavik,72.7868,-56.1549,40.17,86,33,7.38,GL,2022-07-05 22:29:38
14,Kruisfontein,-34.0033,24.7314,55.89,95,100,8.16,ZA,2022-07-05 22:29:38
15,Den Helder,52.9599,4.7593,60.78,69,40,8.05,NL,2022-07-05 22:28:28
16,Lavumisa,-27.31,31.892,61.14,88,0,4.43,SZ,2022-07-05 22:29:39
17,Jian,27.1172,114.9793,75.78,96,40,5.73,CN,2022-07-05 22:29:39
18,Tuatapere,-46.1333,167.6833,43.3,78,78,6.17,NZ,2022-07-05 22:29:40
19,Shingu,33.7333,135.9833,78.51,92,97,3.09,JP,2022-07-05 22:25:17
20,Sitka,57.0531,-135.33,60.69,72,75,11.5,US,2022-07-05 22:29:40
21,Gondanglegi,-7.7479,112.0132,73.74,93,32,4.79,ID,2022-07-05 22:29:41
22,Hermanus,-34.4187,19.2345,53.82,76,0,4.18,ZA,2022-07-05 22:29:41
23,Hobart,-42.8794,147.3294,42.26,94,40,6.91,AU,2022-07-05 22:29:41
24,Mar Del Plata,-38.0023,-57.5575,51.1,72,0,6.91,AR,2022-07-05 22:28:48
25,Orange,33.7,-117.7675,91.76,57,20,10.36,US,2022-07-05 22:26:13
26,Souillac,-20.5167,57.5167,68.38,73,40,10.36,MU,2022-07-05 22:29:42
27,Bambous Virieux,-20.3428,57.7575,68.25,73,40,10.36,MU,2022-07-05 22:29:42
28,Rikitea,-23.1203,-134.9692,76.19,73,5,18.23,PF,2022-07-05 22:29:43
29,Namibe,-15.1961,12.1522,65.17,71,0,3.78,AO,2022-07-05 22:29:43
30,Norman Wells,65.282,-126.8329,82.44,34,40,8.05,CA,2022-07-05 22:29:44
31,Seoul,37.5683,126.9778,80.2,83,75,6.91,KR,2022-07-05 22:27:02
32,Arraial Do Cabo,-22.9661,-42.0278,75.06,64,0,10.36,BR,2022-07-05 22:29:44
33,Provideniya,64.3833,-173.3,44.71,100,100,11.18,RU,2022-07-05 22:29:45
34,Yumen,40.2833,97.2,72.95,19,0,6.69,CN,2022-07-05 22:29:45
35,Cidreira,-30.1811,-50.2056,61.86,94,100,6.4,BR,2022-07-05 22:29:45
36,Iracoubo,5.4802,-53.2011,78.21,84,55,6.02,GF,2022-07-05 22:29:46
37,Lagos,6.5833,3.75,79.12,88,100,2.91,NG,2022-07-05 22:27:57
38,Mantua,45.1667,10.7833,81.64,71,3,5.01,IT,2022-07-05 22:29:46
39,Loukhi,66.0764,33.0381,62.04,71,88,5.28,RU,2022-07-05 22:29:47
40,Chuy,-33.6971,-53.4616,54.48,88,75,9.06,UY,2022-07-05 22:29:47
41,Imbituba,-28.24,-48.6703,64.09,97,100,5.46,BR,2022-07-05 22:29:48
42,Tambura,5.6,27.4667,68.5,93,63,2.66,SS,2022-07-05 22:29:48
43,Avarua,-21.2078,-159.775,75.25,57,84,6.91,CK,2022-07-05 22:29:49
44,Vaini,-21.2,-175.2,77.16,65,40,8.05,TO,2022-07-05 22:29:49
45,Solvychegodsk,61.3305,46.9156,60.19,80,22,4.79,RU,2022-07-05 22:29:49
46,Bluff,-46.6,168.3333,47.8,69,92,17.85,NZ,2022-07-05 22:30:50
47,Bethel,41.3712,-73.414,75.29,72,100,11.5,US,2022-07-05 22:30:50
48,Axim,4.8699,-2.2405,77.09,88,81,7.0,GH,2022-07-05 22:30:51
49,Yellowknife,62.456,-114.3525,75.72,27,20,10.36,CA,2022-07-05 22:27:59
50,Atuona,-9.8,-139.0333,77.67,70,31,25.01,PF,2022-07-05 22:30:51
51,College,64.8569,-147.8028,80.01,56,75,5.75,US,2022-07-05 22:30:52
52,Ribeira Grande,38.5167,-28.7,66.78,82,100,14.7,PT,2022-07-05 22:30:52
53,Ostrovnoy,68.0531,39.5131,60.91,88,97,12.95,RU,2022-07-05 22:30:53
54,Kislyakovskaya,46.4417,39.675,70.84,43,32,8.59,RU,2022-07-05 22:30:53
55,Albany,42.6001,-73.9662,69.39,92,100,3.0,US,2022-07-05 22:29:51
56,Morden,49.1919,-98.1014,76.08,64,78,8.05,CA,2022-07-05 22:30:54
57,Havoysund,70.9963,24.6622,61.03,76,86,10.22,NO,2022-07-05 22:30:54
58,Ushuaia,-54.8,-68.3,31.66,80,20,4.61,AR,2022-07-05 22:30:55
59,Vega De Alatorre,20.0333,-96.6333,84.47,67,91,10.76,MX,2022-07-05 22:30:55
60,Richards Bay,-28.783,32.0377,65.14,82,0,10.56,ZA,2022-07-05 22:30:56
61,Saint-Philippe,-21.3585,55.7679,63.99,76,59,9.31,RE,2022-07-05 22:30:56
62,Qaanaaq,77.484,-69.3632,46.27,49,52,1.9,GL,2022-07-05 22:30:57
63,New Norfolk,-42.7826,147.0587,42.91,90,91,1.61,AU,2022-07-05 22:30:57
64,Kahului,20.8947,-156.47,87.82,57,20,21.99,US,2022-07-05 22:30:58
65,Alugan,12.2188,125.4808,78.84,87,99,3.47,PH,2022-07-05 22:30:58
66,San Quintin,30.4833,-115.95,70.61,73,1,18.59,MX,2022-07-05 22:30:59
67,Boa Vista,2.8197,-60.6733,76.98,78,75,10.36,BR,2022-07-05 22:30:59
68,Raudeberg,61.9875,5.1352,52.47,77,98,13.53,NO,2022-07-05 22:31:00
69,Tiksi,71.6872,128.8694,46.38,62,77,3.06,RU,2022-07-05 22:31:01
70,Jamestown,42.097,-79.2353,78.03,81,100,10.36,US,2022-07-05 22:31:03
71,East London,-33.0153,27.9116,60.62,75,100,16.64,ZA,2022-07-05 22:31:03
72,Pevek,69.7008,170.3133,45.64,70,100,15.48,RU,2022-07-05 22:31:04
73,Caravelas,-17.7125,-39.2481,70.54,85,0,5.46,BR,2022-07-05 22:31:04
74,Lompoc,34.6391,-120.4579,84.02,76,0,24.0,US,2022-07-05 22:31:05
75,Port Alfred,-33.5906,26.891,56.17,91,100,1.01,ZA,2022-07-05 22:31:05
76,Mahebourg,-20.4081,57.7,68.29,73,40,10.36,MU,2022-07-05 22:31:06
77,Broome,42.2506,-75.833,78.71,83,100,11.5,US,2022-07-05 22:31:07
78,Puerto Madryn,-42.7692,-65.0385,51.51,37,70,18.34,AR,2022-07-05 22:31:08
79,Redlands,34.0556,-117.1825,94.55,35,0,8.05,US,2022-07-05 22:27:16
80,Hithadhoo,-0.6,73.0833,82.69,72,30,8.05,MV,2022-07-05 22:31:08
81,Port Hardy,50.6996,-127.4199,62.78,82,75,3.44,CA,2022-07-05 22:31:09
82,Barrow,71.2906,-156.7887,46.42,76,0,8.05,US,2022-07-05 22:31:09
83,Nouadhibou,20.931,-17.0347,71.58,78,34,19.57,MR,2022-07-05 22:31:10
84,Lebu,-37.6167,-73.65,51.08,90,100,13.15,CL,2022-07-05 22:31:11
85,Khatanga,71.9667,102.5,55.06,54,100,4.34,RU,2022-07-05 22:31:11
86,Danville,36.586,-79.395,77.65,47,81,9.08,US,2022-07-05 22:31:12
87,Basco,20.4487,121.9702,83.62,76,100,8.52,PH,2022-07-05 22:31:12
88,Butaritari,3.0707,172.7902,82.69,76,64,21.81,KI,2022-07-05 22:31:13
89,Hilo,19.7297,-155.09,87.28,72,40,11.5,US,2022-07-05 22:30:22
90,Aldan,58.6031,125.3894,76.8,61,60,8.28,RU,2022-07-05 22:31:13
91,Sao Joao Da Barra,-21.6403,-41.0511,71.64,82,0,14.79,BR,2022-07-05 22:31:14
92,Palmer,42.1584,-72.3287,74.57,73,100,5.01,US,2022-07-05 22:32:15
93,Nanakuli,21.3906,-158.1547,84.15,65,100,12.66,US,2022-07-05 22:32:15
94,Oussouye,12.485,-16.5469,80.69,80,100,8.08,SN,2022-07-05 22:32:15
95,Rawson,-43.3002,-65.1023,50.14,39,32,18.01,AR,2022-07-05 22:32:16
96,Tual,-5.6667,132.75,79.27,77,100,19.04,ID,2022-07-05 22:32:16
97,Cherskiy,68.75,161.3,45.66,88,96,21.68,RU,2022-07-05 22:32:17
98,Victoria,22.2855,114.1577,84.38,88,100,7.0,HK,2022-07-05 22:28:30
99,Riyadh,24.6877,46.7219,87.94,11,38,11.52,SA,2022-07-05 22:29:32
100,Ponta Delgada,37.7333,-25.6667,67.5,88,40,5.75,PT,2022-07-05 22:32:17
101,Pangnirtung,66.1451,-65.7125,42.8,87,75,11.5,CA,2022-07-05 22:32:18
102,Lincoln,40.8,-96.667,99.28,47,0,16.11,US,2022-07-05 22:32:18
103,Bitung,1.4451,125.1824,76.05,90,100,10.29,ID,2022-07-05 22:32:19
104,Ancud,-41.8697,-73.8203,45.23,88,100,20.02,CL,2022-07-05 22:32:19
105,Bredasdorp,-34.5322,20.0403,48.92,86,40,2.84,ZA,2022-07-05 22:32:20
106,Hvide Sande,56.0045,8.1294,54.09,70,60,22.28,DK,2022-07-05 22:32:20
107,Bria,6.5423,21.9863,67.48,95,21,1.3,CF,2022-07-05 22:32:20
108,Anchorage,61.2181,-149.9003,76.86,50,0,9.22,US,2022-07-05 22:30:00
109,Faanui,-16.4833,-151.75,79.77,73,8,14.36,PF,2022-07-05 22:32:21
110,Tuktoyaktuk,69.4541,-133.0374,60.8,88,100,9.22,CA,2022-07-05 22:26:55
111,Nome,64.5011,-165.4064,54.16,82,100,9.22,US,2022-07-05 22:32:22
112,Peniche,39.3558,-9.3811,66.11,92,7,4.38,PT,2022-07-05 22:32:22
113,Lakes Entrance,-37.8811,147.981,37.17,71,0,5.17,AU,2022-07-05 22:32:22
114,Wewak,-3.5534,143.6268,80.62,82,99,3.36,PG,2022-07-05 22:32:23
115,Avera,33.194,-82.5271,90.55,47,77,7.99,US,2022-07-05 22:32:23
116,Ola,59.5833,151.2833,64.15,84,97,4.79,RU,2022-07-05 22:32:24
117,Moron,-34.6534,-58.6198,51.06,97,0,5.68,AR,2022-07-05 22:32:24
118,Alice Town,25.7167,-79.3,82.94,74,10,8.12,BS,2022-07-05 22:32:24
119,Saint George,37.1041,-113.5841,101.62,12,0,21.85,US,2022-07-05 22:32:16
120,Kitimat,54.0524,-128.6534,65.91,60,100,1.99,CA,2022-07-05 22:32:25
121,Bayir,37.2687,28.2167,64.92,30,0,4.07,TR,2022-07-05 22:32:25
122,Matara,5.9485,80.5353,78.08,86,100,9.42,LK,2022-07-05 22:32:25
123,Marquette,46.5333,-87.6335,58.82,95,59,9.4,US,2022-07-05 22:32:26
124,Cockburn Town,21.4612,-71.1419,81.34,77,3,18.14,TC,2022-07-05 22:32:26
125,Itoman,26.1247,127.6694,82.78,94,20,8.05,JP,2022-07-05 22:32:27
126,Padang,-0.9492,100.3543,75.25,81,87,3.11,ID,2022-07-05 22:32:27
127,Dukat,62.55,155.55,51.91,90,100,3.8,RU,2022-07-05 22:32:27
128,San Ramon,37.7799,-121.978,82.62,61,75,18.41,US,2022-07-05 22:32:04
129,Bilibino,68.0546,166.4372,64.0,50,100,11.99,RU,2022-07-05 22:32:21
130,Deputatskiy,69.3,139.9,47.01,55,97,4.56,RU,2022-07-05 22:32:28
131,Samarai,-10.6167,150.6667,82.56,78,61,8.79,PG,2022-07-05 22:32:28
132,Roald,62.5833,6.1333,54.75,82,100,16.11,NO,2022-07-05 22:32:29
133,Nikolskoye,59.7035,30.7861,60.69,92,27,4.45,RU,2022-07-05 22:32:29
134,Amapa,1.0,-52.0,72.21,96,33,1.16,BR,2022-07-05 22:32:29
135,Geraldton,-28.7667,114.6,55.81,94,100,10.36,AU,2022-07-05 22:31:27
136,Sola,-13.8833,167.55,80.96,79,42,20.96,VU,2022-07-05 22:33:30
137,Anshun,26.25,105.9333,67.6,91,90,1.52,CN,2022-07-05 22:33:30
138,Talnakh,69.4865,88.3972,54.21,51,100,2.75,RU,2022-07-05 22:33:31
139,Iqaluit,63.7506,-68.5145,42.53,93,100,2.3,CA,2022-07-05 22:33:31
140,Cristalina,-16.7686,-47.6136,59.5,53,0,3.96,BR,2022-07-05 22:33:31
141,Severo-Kurilsk,50.6789,156.125,53.64,75,19,8.95,RU,2022-07-05 22:32:16
142,Codrington,-38.2667,141.9667,42.15,92,9,9.66,AU,2022-07-05 22:33:32
143,Eunice,30.4944,-92.4176,87.69,62,94,9.55,US,2022-07-05 22:30:10
144,Mabaruma,8.2,-59.7833,76.53,87,75,4.34,GY,2022-07-05 22:33:33
145,Sawakin,19.1059,37.3321,89.87,43,62,3.53,SD,2022-07-05 22:33:33
146,Kashi,39.4547,75.9797,85.21,21,0,17.9,CN,2022-07-05 22:33:33
147,Bac Lieu,9.285,105.7244,80.46,85,99,8.25,VN,2022-07-05 22:33:34
148,Hambantota,6.1241,81.1185,79.47,80,100,16.78,LK,2022-07-05 22:33:34
149,Thompson,55.7435,-97.8558,69.96,32,40,4.61,CA,2022-07-05 22:33:35
150,Pavlogradka,54.2024,73.5592,55.92,97,100,11.97,RU,2022-07-05 22:33:35
151,Hami,42.8,93.45,80.89,29,0,18.23,CN,2022-07-05 22:33:35
152,Puerto Ayora,-0.7393,-90.3518,76.96,90,84,5.01,EC,2022-07-05 22:31:22
153,Cayenne,4.9333,-52.3333,80.64,1,0,4.61,GF,2022-07-05 22:28:57
154,Gat,31.61,34.7642,75.88,100,0,4.14,IL,2022-07-05 22:33:36
155,Cap Malheureux,-19.9842,57.6142,66.47,75,71,1.99,MU,2022-07-05 22:33:36
156,Castro,-24.7911,-50.0119,56.39,77,83,3.36,BR,2022-07-05 22:33:37
157,San Gil,6.5557,-73.1331,69.8,91,25,2.21,CO,2022-07-05 22:33:37
158,Itigi,-5.7,34.4833,58.62,75,47,7.67,TZ,2022-07-05 22:33:38
159,Atherton,53.5237,-2.4935,61.21,84,67,1.01,GB,2022-07-05 22:33:38
160,Ilulissat,69.2167,-51.1,46.42,81,20,10.36,GL,2022-07-05 22:33:38
161,Yabelo,4.8833,38.0833,57.9,69,53,3.98,ET,2022-07-05 22:33:39
162,Cape Town,-33.9258,18.4232,55.38,89,0,4.61,ZA,2022-07-05 22:31:27
163,Te Anau,-45.4167,167.7167,39.99,79,4,0.69,NZ,2022-07-05 22:33:39
164,Hovd,48.0056,91.6419,61.43,44,92,7.54,MN,2022-07-05 22:33:40
165,Vung Tau,10.346,107.0843,80.83,85,100,8.5,VN,2022-07-05 22:33:40
166,Launceston,-41.45,147.1667,43.16,97,100,5.75,AU,2022-07-05 22:33:41
167,Noumea,-22.2763,166.4572,82.38,99,100,5.91,NC,2022-07-05 22:33:41
168,Anori,-3.7728,-61.6442,77.99,83,50,2.06,BR,2022-07-05 22:33:42
169,Saskylakh,71.9167,114.0833,52.03,74,78,7.87,RU,2022-07-05 22:33:42
170,Mount Isa,-20.7333,139.5,49.77,57,97,8.05,AU,2022-07-05 22:33:42
171,Atambua,-9.1061,124.8925,68.54,83,99,6.44,ID,2022-07-05 22:33:43
172,La Ronge,55.1001,-105.2842,68.25,32,75,5.75,CA,2022-07-05 22:33:43
173,Tasiilaq,65.6145,-37.6368,41.16,83,84,2.33,GL,2022-07-05 22:33:44
174,Bhainsdehi,21.6467,77.6325,70.21,92,24,1.36,IN,2022-07-05 22:33:44
175,Komsomolskiy,40.4272,71.7189,70.52,32,0,2.3,UZ,2022-07-05 22:33:44
176,Kirakira,-10.4544,161.9205,83.77,70,100,13.09,SB,2022-07-05 22:33:45
177,Bowen,-20.0167,148.2333,58.06,76,37,6.42,AU,2022-07-05 22:33:45
178,Watsa,3.0372,29.5355,63.05,83,24,0.72,CD,2022-07-05 22:33:45
179,Hlyboka,48.0897,25.9293,65.08,85,37,3.85,UA,2022-07-05 22:33:46
180,Vestmannaeyjar,63.4427,-20.2734,50.72,92,100,9.33,IS,2022-07-05 22:33:46
181,Channel-Port Aux Basques,47.5702,-59.1367,58.82,81,0,9.37,CA,2022-07-05 22:33:47
182,Berlevag,70.8578,29.0864,59.0,100,100,13.8,NO,2022-07-05 22:33:47
183,Aguimes,27.9054,-15.4461,68.67,68,40,23.02,ES,2022-07-05 22:34:47
184,Hofn,64.2539,-15.2082,48.79,82,100,8.43,IS,2022-07-05 22:34:48
185,Asau,46.4333,26.4,72.52,87,8,4.23,RO,2022-07-05 22:34:48
186,Touros,-5.1989,-35.4608,75.2,81,2,13.11,BR,2022-07-05 22:30:28
187,Kemijarvi,66.7131,27.4306,53.22,72,10,10.27,FI,2022-07-05 22:34:49
188,Soni,-4.85,38.3667,55.51,94,88,2.35,TZ,2022-07-05 22:34:49
189,Darhan,49.4867,105.9228,57.99,69,4,4.54,MN,2022-07-05 22:34:49
190,Pochutla,15.7432,-96.4661,84.02,94,90,6.49,MX,2022-07-05 22:34:50
191,Yangambi,0.8102,24.4336,71.13,79,24,2.15,CD,2022-07-05 22:34:50
192,Maykor,59.0059,55.88,54.81,77,36,5.82,RU,2022-07-05 22:34:51
193,Kerema,-7.9631,145.7785,80.51,80,98,0.63,PG,2022-07-05 22:34:51
194,Lagoa,39.05,-27.9833,65.57,81,100,11.3,PT,2022-07-05 22:34:51
195,Medea,36.2642,2.7539,81.05,30,75,3.96,DZ,2022-07-05 22:33:20
196,Samfya,-11.3649,29.5565,56.07,74,0,6.67,ZM,2022-07-05 22:34:52
197,Hualmay,-11.0964,-77.6139,62.22,83,28,9.4,PE,2022-07-05 22:34:52
198,Bucyrus,40.8084,-82.9755,87.04,84,95,9.48,US,2022-07-05 22:34:53
199,Mackay,-21.15,149.2,56.68,77,6,6.51,AU,2022-07-05 22:30:12
200,Krouson,35.2306,24.9829,73.9,45,0,7.0,GR,2022-07-05 22:34:53
201,Necochea,-38.5473,-58.7368,46.2,45,25,8.46,AR,2022-07-05 22:34:54
202,Carnarvon,-24.8667,113.6333,61.25,46,0,10.4,AU,2022-07-05 22:34:54
203,Bestobe,52.4994,73.0975,55.81,88,100,17.74,KZ,2022-07-05 22:34:54
204,Port Blair,11.6667,92.75,81.28,84,100,10.45,IN,2022-07-05 22:34:55
205,Bundaberg,-24.85,152.35,55.22,88,100,3.0,AU,2022-07-05 22:34:55
206,Potchefstroom,-26.7167,27.1,55.24,50,29,7.18,ZA,2022-07-05 22:34:55
207,Khor,47.8861,134.9464,76.33,84,3,4.32,RU,2022-07-05 22:34:56
208,Northam,51.0333,-4.2167,60.62,93,82,5.77,GB,2022-07-05 22:34:56
209,Ambatofinandrahana,-20.55,46.8,48.16,95,21,3.58,MG,2022-07-05 22:34:56
210,Nagato,34.3833,131.2,79.27,89,68,3.69,JP,2022-07-05 22:34:57
211,Lavrentiya,65.5833,-171.0,45.75,93,100,7.9,RU,2022-07-05 22:34:57
212,Saint-Augustin,51.226,-58.6502,57.25,57,81,17.92,CA,2022-07-05 22:34:57
213,Avesta,60.1455,16.1679,58.12,78,97,6.38,SE,2022-07-05 22:34:58
214,Kodiak,57.79,-152.4072,65.71,68,0,6.91,US,2022-07-05 22:32:19
215,Ponta Do Sol,32.6667,-17.1,68.63,60,8,4.07,PT,2022-07-05 22:34:58
216,Chokurdakh,70.6333,147.9167,49.17,46,84,11.32,RU,2022-07-05 22:34:59
217,Obigarm,38.7173,69.7088,62.15,53,0,3.42,TJ,2022-07-05 22:34:59
218,Kangaatsiaq,68.3065,-53.4641,40.51,95,94,4.72,GL,2022-07-05 22:35:00
219,Gornopravdinsk,60.05,69.9,48.15,82,18,5.23,RU,2022-07-05 22:35:00
220,Esperance,-33.8667,121.9,56.77,76,100,11.86,AU,2022-07-05 22:35:00
221,Ixtapa,20.7,-105.2,84.22,84,100,8.05,MX,2022-07-05 22:35:01
222,Taltal,-25.4,-70.4833,58.26,77,98,0.78,CL,2022-07-05 22:35:01
223,Gojra,31.1487,72.6866,96.76,45,54,6.38,PK,2022-07-05 22:35:02
224,Burnie,-41.0667,145.9167,48.94,79,99,11.23,AU,2022-07-05 22:35:02
225,Badou,7.5833,0.6,72.21,94,95,3.29,TG,2022-07-05 22:35:03
226,Araouane,18.9048,-3.5265,99.27,13,39,9.73,ML,2022-07-05 22:35:03
227,Cabo San Lucas,22.8909,-109.9124,94.3,51,0,10.36,MX,2022-07-05 22:30:46
228,San Patricio,28.017,-97.5169,95.72,52,96,17.31,US,2022-07-05 22:35:04
229,Vesyegonsk,58.664,37.2604,61.05,96,23,5.44,RU,2022-07-05 22:36:04
230,Coahuayana,18.7333,-103.6833,84.16,80,75,6.33,MX,2022-07-05 22:36:05
231,Victor Harbor,-35.5667,138.6167,43.68,84,0,7.43,AU,2022-07-05 22:36:05
232,Coquimbo,-29.9533,-71.3436,56.93,76,0,10.36,CL,2022-07-05 22:33:16
233,Mulege,26.8833,-111.9833,92.61,35,0,9.84,MX,2022-07-05 22:36:06
234,Uzhur,55.3036,89.8339,57.56,92,99,3.56,RU,2022-07-05 22:36:06
235,Breves,-1.6822,-50.4803,79.88,73,92,2.91,BR,2022-07-05 22:36:07
236,Husainabad,24.5333,84.0167,86.99,62,87,4.76,IN,2022-07-05 22:36:07
237,Yeppoon,-23.1333,150.7333,51.58,80,14,6.4,AU,2022-07-05 22:36:07
238,Uzunovo,54.5386,38.6173,63.64,90,97,5.95,RU,2022-07-05 22:36:08
239,Camana,-16.6228,-72.7111,61.39,81,97,7.96,PE,2022-07-05 22:36:08
240,Tazovskiy,67.4667,78.7,51.06,84,100,7.99,RU,2022-07-05 22:36:09
241,Mount Juliet,36.2001,-86.5186,96.78,50,75,13.8,US,2022-07-05 22:36:09
242,Licata,37.1071,13.9461,89.24,52,0,2.71,IT,2022-07-05 22:36:09
243,Coihaique,-45.5752,-72.0662,36.21,93,100,4.61,CL,2022-07-05 22:36:10
244,Katsuura,35.1333,140.3,75.22,95,100,11.48,JP,2022-07-05 22:36:10
245,Khani,41.9563,42.9566,60.37,76,30,4.43,GE,2022-07-05 22:36:11
246,Taitung,22.7583,121.1444,77.27,88,75,4.61,TW,2022-07-05 22:36:11
247,Nantucket,41.2835,-70.0995,72.09,83,0,12.66,US,2022-07-05 22:31:31
248,Mutsu,41.2894,141.2169,66.99,93,93,6.17,JP,2022-07-05 22:36:12
249,Cross Lanes,38.4204,-81.7907,74.89,55,76,11.01,US,2022-07-05 22:36:12
250,Pisco,-13.7,-76.2167,64.02,77,0,9.22,PE,2022-07-05 22:36:12
251,Hasaki,35.7333,140.8333,75.6,92,100,15.26,JP,2022-07-05 22:36:13
252,Ambilobe,-13.2,49.05,62.74,78,8,3.74,MG,2022-07-05 22:36:13
253,Husavik,66.0449,-17.3389,42.31,84,79,4.97,IS,2022-07-05 22:36:14
254,Klaksvik,62.2266,-6.589,50.92,95,100,6.22,FO,2022-07-05 22:36:14
255,Quatre Cocos,-20.2078,57.7625,68.11,79,92,13.98,MU,2022-07-05 22:36:14
256,Canatlan,24.5167,-104.7833,86.16,19,40,17.38,MX,2022-07-05 22:36:15
257,Sao Filipe,14.8961,-24.4956,75.09,87,40,5.19,CV,2022-07-05 22:36:15
258,Knysna,-34.0363,23.0471,56.84,86,91,3.83,ZA,2022-07-05 22:36:16
259,Three Hills,51.7001,-113.2686,71.62,52,31,9.22,CA,2022-07-05 22:33:19
260,Upington,-28.4478,21.2561,44.98,76,0,5.75,ZA,2022-07-05 22:36:16
261,Mingyue,43.1069,128.9217,67.19,98,93,3.51,CN,2022-07-05 22:36:17
262,Flinders,-34.5833,150.8552,57.18,88,100,1.99,AU,2022-07-05 22:36:17
263,Santa Isabel Do Rio Negro,-0.4139,-65.0192,77.94,75,65,2.28,BR,2022-07-05 22:36:17
264,Laguna,38.421,-121.4238,89.76,43,0,14.97,US,2022-07-05 22:32:19
265,Mount Gambier,-37.8333,140.7667,41.29,92,14,6.2,AU,2022-07-05 22:36:18
266,Kupang,-10.1667,123.5833,71.98,64,72,10.63,ID,2022-07-05 22:36:19
267,Numan,9.4667,12.0333,77.7,71,13,7.4,NG,2022-07-05 22:36:19
268,Mananjary,-21.2167,48.3333,63.01,87,10,4.43,MG,2022-07-05 22:36:19
269,Nhulunbuy,-12.2333,136.7667,70.41,64,91,11.5,AU,2022-07-05 22:36:20
270,Tarauaca,-8.1614,-70.7656,79.74,68,99,2.73,BR,2022-07-05 22:36:20
271,Nikolayevsk-Na-Amure,53.1406,140.73,85.51,43,3,3.4,RU,2022-07-05 22:36:21
272,Ballybofey,54.8,-7.7833,57.07,95,100,6.67,IE,2022-07-05 22:36:21
273,Tsimlyansk,47.6461,42.1019,66.42,52,1,7.36,RU,2022-07-05 22:37:22
274,Airai,-8.9266,125.4092,55.13,86,100,2.8,TL,2022-07-05 22:35:03
275,Mandalgovi,45.7625,106.2708,59.76,51,20,4.14,MN,2022-07-05 22:37:22
276,Farafangana,-22.8167,47.8333,65.01,81,2,1.66,MG,2022-07-05 22:37:23
277,Syracuse,37.0881,15.2792,81.32,76,0,9.51,IT,2022-07-05 22:34:55
278,Caiaponia,-16.9567,-51.8103,65.95,37,0,3.67,BR,2022-07-05 22:37:23
279,Tunceli,39.1083,39.5471,69.71,40,1,7.43,TR,2022-07-05 22:37:24
280,Zhigansk,66.7697,123.3711,48.94,68,100,15.55,RU,2022-07-05 22:37:24
281,Nanortalik,60.1432,-45.2371,45.95,85,100,5.91,GL,2022-07-05 22:37:24
282,Labuhan,-6.8844,112.2051,76.98,89,62,6.35,ID,2022-07-05 22:37:25
283,Dubbo,-32.25,148.6167,51.93,87,100,10.36,AU,2022-07-05 22:37:25
284,Kenai,60.5544,-151.2583,72.03,68,0,10.36,US,2022-07-05 22:37:26
285,Portland,45.5234,-122.6762,77.29,61,100,5.99,US,2022-07-05 22:35:06
286,Ucluelet,48.9329,-125.5528,65.08,81,100,1.99,CA,2022-07-05 22:37:26
287,Zhezkazgan,47.8043,67.7144,60.73,66,88,5.01,KZ,2022-07-05 22:37:26
288,Port Hedland,-20.3167,118.5667,50.05,40,6,8.05,AU,2022-07-05 22:37:27
289,Kavieng,-2.5744,150.7967,82.89,80,100,15.46,PG,2022-07-05 22:37:27
290,Ternate,0.8,127.4,78.85,86,82,2.86,ID,2022-07-05 22:37:28
291,Vardo,70.3705,31.1107,51.78,93,100,4.61,NO,2022-07-05 22:37:28
292,Wakkanai,45.4094,141.6739,61.59,90,57,13.58,JP,2022-07-05 22:35:07
293,Tsiroanomandidy,-18.7667,46.0333,53.22,87,0,2.66,MG,2022-07-05 22:37:28
294,Dryden,49.7833,-92.7503,73.69,49,0,10.36,CA,2022-07-05 22:37:29
295,Kaitangata,-46.2817,169.8464,46.8,72,69,11.18,NZ,2022-07-05 22:37:29
296,Kavaratti,10.5669,72.642,81.45,83,100,21.72,IN,2022-07-05 22:36:13
297,Boende,-0.2167,20.8667,70.92,94,91,3.22,CD,2022-07-05 22:37:30
298,Yashkino,55.8736,85.4265,56.93,99,100,4.38,RU,2022-07-05 22:37:30
299,Vila Franca Do Campo,37.7167,-25.4333,68.2,84,94,6.17,PT,2022-07-05 22:37:30
300,Iquique,-20.2208,-70.1431,60.84,80,99,3.11,CL,2022-07-05 22:33:58
301,Ust-Omchug,61.15,149.6333,72.93,59,97,2.24,RU,2022-07-05 22:37:31
302,Saint Anthony,45.0205,-93.218,86.67,72,0,14.97,US,2022-07-05 22:37:31
303,Port Elizabeth,-33.918,25.5701,59.29,97,20,11.5,ZA,2022-07-05 22:37:26
304,Fortuna,40.5982,-124.1573,70.93,81,75,3.0,US,2022-07-05 22:32:48
305,Dicabisagan,17.0818,122.4157,80.67,80,99,3.15,PH,2022-07-05 22:37:32
306,Benemerito De Las Americas,16.5167,-90.6439,84.15,67,97,4.83,MX,2022-07-05 22:37:32
307,Aden,12.7794,45.0367,87.1,69,78,4.45,YE,2022-07-05 22:37:32
308,Paka,4.6374,103.4368,78.73,94,97,0.0,MY,2022-07-05 22:37:33
309,Belturbet,54.1,-7.45,57.87,92,100,5.84,IE,2022-07-05 22:37:33
310,Chabahar,25.2919,60.643,84.63,83,74,0.56,IR,2022-07-05 22:37:34
311,Krasnyy Chikoy,50.3643,108.7512,57.54,82,97,3.65,RU,2022-07-05 22:37:34
312,Sechura,-5.5569,-80.8222,68.41,67,9,17.54,PE,2022-07-05 22:37:35
313,Evensk,61.95,159.2333,51.87,81,100,5.39,RU,2022-07-05 22:37:35
314,Maceio,-9.6658,-35.7353,72.84,94,100,5.75,BR,2022-07-05 22:34:14
315,Chipinge,-20.1883,32.6236,50.09,84,0,2.75,ZW,2022-07-05 22:37:36
316,Sung Noen,14.8992,101.8207,76.73,88,100,4.54,TH,2022-07-05 22:37:36
317,Sile,41.1754,29.6133,68.67,74,0,10.18,TR,2022-07-05 22:37:36
318,Aswan,24.0934,32.907,94.3,16,0,5.75,EG,2022-07-05 22:38:37
319,Calvinia,-31.4707,19.776,40.15,89,1,0.96,ZA,2022-07-05 22:38:37
320,Saint-Pierre,-21.3393,55.4781,65.91,74,100,8.05,RE,2022-07-05 22:38:38
321,Ukiah,39.1502,-123.2078,78.44,63,100,6.91,US,2022-07-05 22:35:03
322,Torbay,47.6666,-52.7314,66.97,48,20,20.71,CA,2022-07-05 22:38:38
323,Olafsvik,64.8945,-23.7142,52.07,72,100,14.32,IS,2022-07-05 22:38:39
324,Musafirkhana,26.3667,81.8,92.01,52,74,9.82,IN,2022-07-05 22:38:39
325,Perg,48.25,14.6333,65.01,89,56,0.51,AT,2022-07-05 22:38:40
326,Indianola,41.3581,-93.5574,97.97,51,12,9.93,US,2022-07-05 22:38:40
327,Maragogi,-9.0122,-35.2225,74.34,87,27,12.19,BR,2022-07-05 22:38:40
328,Wasilla,61.5814,-149.4394,77.67,51,0,6.91,US,2022-07-05 22:35:10
329,Batticaloa,7.7102,81.6924,81.48,61,100,8.72,LK,2022-07-05 22:38:41
330,Verkhnevilyuysk,63.4453,120.3167,52.03,96,100,6.46,RU,2022-07-05 22:38:41
331,Abaete,-19.16,-45.4458,65.12,50,0,3.31,BR,2022-07-05 22:38:42
332,Antofagasta,-23.65,-70.4,58.28,89,90,7.72,CL,2022-07-05 22:38:42
333,San Vicente De Canete,-13.0751,-76.3835,61.07,86,94,4.38,PE,2022-07-05 22:38:42
334,Udachnyy,66.4167,112.4,62.46,67,98,5.23,RU,2022-07-05 22:38:43
335,Paracuru,-3.41,-39.0306,78.12,75,84,7.23,BR,2022-07-05 22:38:43
336,Saravan,39.7196,45.6483,49.15,75,1,8.39,AM,2022-07-05 22:38:44
337,Calama,-22.4667,-68.9333,63.09,6,75,5.75,CL,2022-07-05 22:38:44
338,Izhma,65.0083,53.9113,60.26,95,11,3.31,RU,2022-07-05 22:38:45
339,Pemba,-12.974,40.5178,72.07,79,86,12.66,MZ,2022-07-05 22:38:45
340,San Juan,-31.5375,-68.5364,56.35,19,8,4.14,AR,2022-07-05 22:38:45
341,Saint-Francois,46.4154,3.9054,63.84,72,0,4.61,FR,2022-07-05 22:38:46
342,Mehamn,71.0357,27.8492,58.95,88,75,10.36,NO,2022-07-05 22:38:46
343,Lorengau,-2.0226,147.2712,82.83,76,100,7.85,PG,2022-07-05 22:38:47
344,Lima,-12.0432,-77.0282,64.9,77,100,9.22,PE,2022-07-05 22:37:24
345,Tibati,6.4667,12.6333,66.87,97,89,0.85,CM,2022-07-05 22:38:47
346,Carbonia,39.1672,8.5222,80.01,63,22,5.93,IT,2022-07-05 22:38:48
347,Rio Gallegos,-51.6226,-69.2181,32.05,93,100,4.61,AR,2022-07-05 22:38:48
348,Harper,4.375,-7.7169,77.52,78,54,9.48,LR,2022-07-05 22:38:48
349,Presidente Olegario,-18.4178,-46.4181,61.45,52,0,3.47,BR,2022-07-05 22:38:49
350,Ubinskoye,55.3068,79.6802,56.37,98,100,6.06,RU,2022-07-05 22:38:49
351,Broken Hill,-31.95,141.4333,46.06,59,0,8.75,AU,2022-07-05 22:38:50
352,Niamey,13.5137,2.1098,88.09,48,0,8.05,NE,2022-07-05 22:38:50
353,Dalvik,65.9702,-18.5286,48.13,85,98,4.63,IS,2022-07-05 22:38:50
354,Siniscola,40.5719,9.6922,78.35,51,8,5.28,IT,2022-07-05 22:38:51
355,Oxford,51.7522,-1.256,59.16,78,20,3.44,GB,2022-07-05 22:38:14
356,Hella,67.2,14.4333,53.74,87,75,21.85,NO,2022-07-05 22:38:51
357,Svetlaya,46.5389,138.3297,63.55,88,86,3.89,RU,2022-07-05 22:38:52
358,San Rafael,-34.6177,-68.3301,51.73,29,2,8.43,AR,2022-07-05 22:38:52
359,El Oro,26.8667,-105.85,81.72,28,73,3.4,MX,2022-07-05 22:34:30
360,Henties Bay,-22.116,14.2845,55.45,83,0,8.37,NA,2022-07-05 22:38:53
361,Isla Mujeres,21.2311,-86.731,87.85,70,43,9.15,MX,2022-07-05 22:38:53
362,Longyearbyen,78.2186,15.6401,44.44,70,75,4.61,SJ,2022-07-05 22:38:53
363,Mulchen,-37.7167,-72.2333,48.06,96,100,9.84,CL,2022-07-05 22:38:54
364,Fort Nelson,58.8053,-122.7002,78.39,31,40,8.05,CA,2022-07-05 22:39:54
365,Moose Jaw,50.4001,-105.5344,68.27,82,75,6.91,CA,2022-07-05 22:39:47
366,Tomatlan,19.9333,-105.25,84.45,61,100,3.18,MX,2022-07-05 22:39:55
367,Anadyr,64.75,177.4833,50.49,87,75,6.71,RU,2022-07-05 22:39:55
368,La Tuque,47.4334,-72.7824,64.65,88,100,2.3,CA,2022-07-05 22:37:24
369,Halifax,44.6453,-63.5724,76.89,60,100,16.11,CA,2022-07-05 22:37:33
370,Umba,66.6871,34.3429,52.97,92,99,2.59,RU,2022-07-05 22:39:56
371,Oarai,36.3167,140.6,77.34,95,97,11.92,JP,2022-07-05 22:39:56
372,Pafos,34.7667,32.4167,71.38,83,20,5.75,CY,2022-07-05 22:39:57
373,Port Lincoln,-34.7333,135.8667,48.45,79,0,6.62,AU,2022-07-05 22:36:53
374,Keti Bandar,24.1447,67.4497,84.6,82,98,11.07,PK,2022-07-05 22:39:57
375,Sharan,54.8167,54.0,51.03,91,54,5.55,RU,2022-07-05 22:39:57
376,Nouakchott,18.0858,-15.9785,75.13,82,3,15.68,MR,2022-07-05 22:39:58
377,Salalah,17.0151,54.0924,80.69,89,100,5.75,OM,2022-07-05 22:39:58
378,Oistins,13.0667,-59.5333,82.49,78,40,17.27,BB,2022-07-05 22:39:58
379,Dingle,10.9995,122.6711,78.39,86,98,1.61,PH,2022-07-05 22:39:59
380,Boyolangu,-8.1181,111.8935,74.32,95,39,2.39,ID,2022-07-05 22:39:59
381,Huarmey,-10.0681,-78.1522,63.95,81,9,10.33,PE,2022-07-05 22:40:00
382,Clyde River,70.4692,-68.5914,41.23,81,0,8.05,CA,2022-07-05 22:40:00
383,Krasnoye,49.9145,24.6134,62.4,96,81,4.03,UA,2022-07-05 22:40:00
384,Saldanha,-33.0117,17.9442,42.85,83,0,4.94,ZA,2022-07-05 22:40:01
385,Dunedin,-45.8742,170.5036,47.8,62,92,15.01,NZ,2022-07-05 22:40:01
386,Mokrousovo,55.8103,66.7653,50.92,84,100,9.71,RU,2022-07-05 22:38:40
387,Novyy Rogachik,48.6768,44.0608,61.7,53,7,4.32,RU,2022-07-05 22:40:02
388,Tarakan,3.3,117.6333,77.81,87,100,9.31,ID,2022-07-05 22:40:03
389,Lisburn,54.5234,-6.0353,60.24,88,100,16.11,GB,2022-07-05 22:36:25
390,Dengzhou,37.8086,120.7508,75.25,87,100,12.59,CN,2022-07-05 22:40:04
391,Banjar,-8.19,114.9675,75.99,90,82,3.94,ID,2022-07-05 22:40:04
392,Zyryanka,65.75,150.85,59.16,59,100,15.19,RU,2022-07-05 22:40:05
393,Bathsheba,13.2167,-59.5167,83.01,91,40,17.27,BB,2022-07-05 22:40:05
394,Arrecife,28.963,-13.5477,71.58,73,40,18.41,ES,2022-07-05 22:40:06
395,Luohe,33.5717,114.0353,75.94,87,100,12.28,CN,2022-07-05 22:40:06
396,Sergeyevka,53.88,67.4158,52.18,95,85,6.53,KZ,2022-07-05 22:40:06
397,Impfondo,1.6381,18.0667,71.26,92,75,1.43,CG,2022-07-05 22:40:07
398,Inhambane,-23.865,35.3833,64.6,79,0,4.9,MZ,2022-07-05 22:40:07
399,Chudniv,50.052,28.1175,65.84,73,96,7.63,UA,2022-07-05 22:40:08
400,Nizhniy Kuranakh,58.8353,125.4869,79.59,60,59,7.96,RU,2022-07-05 22:40:08
401,Athabasca,54.7169,-113.2854,59.41,80,97,12.97,CA,2022-07-05 22:36:02
402,Hokitika,-42.7167,170.9667,51.96,65,86,1.05,NZ,2022-07-05 22:40:09
403,Karratha,-20.7377,116.8463,56.41,27,4,13.49,AU,2022-07-05 22:40:09
404,Jalu,29.0331,21.5482,79.29,51,0,13.69,LY,2022-07-05 22:40:10
405,The Valley,18.217,-63.0578,82.54,78,75,14.97,AI,2022-07-05 22:40:10
406,Ahipara,-35.1667,173.1667,60.24,95,100,5.79,NZ,2022-07-05 22:40:10
407,Miranda,3.2499,-76.2281,80.73,86,80,2.91,CO,2022-07-05 22:40:11
408,Poum,-20.2333,164.0167,76.93,80,100,24.65,NC,2022-07-05 22:40:11
409,Marshfield,44.6689,-90.1718,88.68,65,75,4.61,US,2022-07-05 22:36:24
410,Yelkhovka,53.8667,50.2832,56.16,90,9,6.71,RU,2022-07-05 22:40:12
411,Fredericksburg,38.3032,-77.4605,88.92,74,40,14.97,US,2022-07-05 22:40:02
412,Mahibadhoo,3.7833,72.9667,79.23,84,100,12.86,MV,2022-07-05 22:41:12
413,Marzuq,14.4,46.4667,78.85,31,56,0.94,YE,2022-07-05 22:41:13
414,Amot,59.5714,7.9877,43.43,77,21,6.53,NO,2022-07-05 22:41:13
415,Muli,2.9167,73.5667,79.92,84,100,15.17,MV,2022-07-05 22:41:14
416,Novaya Zaimka,56.4857,66.9241,46.63,88,81,8.5,RU,2022-07-05 22:41:14
417,Mao,39.8885,4.2658,75.76,78,0,11.5,ES,2022-07-05 22:41:14
418,Franca,-20.5386,-47.4008,60.6,47,0,5.44,BR,2022-07-05 22:41:15
419,Calabozo,8.9242,-67.4293,80.65,74,99,3.4,VE,2022-07-05 22:41:15
420,Mudanjiang,44.5833,129.6,74.62,78,4,4.09,CN,2022-07-05 22:41:16
421,Bembereke,10.2283,2.6634,72.59,85,71,4.81,BJ,2022-07-05 22:41:16
422,Kovdor,67.5662,30.4758,55.42,86,53,5.66,RU,2022-07-05 22:41:17
423,Solnechnyy,50.7214,136.6319,80.01,58,8,5.7,RU,2022-07-05 22:41:17
424,Fairbanks,64.8378,-147.7164,80.02,55,75,5.75,US,2022-07-05 22:39:54
425,Vila,42.0304,-8.1588,61.68,65,44,5.46,PT,2022-07-05 22:41:18
426,Constitucion,-35.3333,-72.4167,49.41,83,77,9.66,CL,2022-07-05 22:39:52
427,Xiashi,30.5363,120.6864,87.82,84,82,10.54,CN,2022-07-05 22:41:18
428,Orbetello,42.4408,11.2196,77.0,41,11,2.3,IT,2022-07-05 22:41:18
429,Mosetse,-20.75,26.65,57.2,51,0,11.18,BW,2022-07-05 22:41:19
430,Vestmanna,62.1564,-7.1664,49.12,100,100,6.91,FO,2022-07-05 22:41:19
431,Meadow Lake,34.8014,-106.5436,90.54,35,11,11.14,US,2022-07-05 22:41:20
432,Ca Mau,9.1769,105.15,78.85,88,96,4.41,VN,2022-07-05 22:40:14
433,Baruun-Urt,46.6806,113.2792,63.28,69,99,6.04,MN,2022-07-05 22:41:20
434,Palembang,-2.9167,104.7458,75.29,94,40,5.75,ID,2022-07-05 22:41:21
435,Horve,55.7529,11.453,58.03,81,14,13.15,DK,2022-07-05 22:41:21
436,Quelimane,-17.8786,36.8883,64.47,89,24,2.71,MZ,2022-07-05 22:41:21
437,Carnot,4.9409,15.8665,68.16,98,35,1.3,CF,2022-07-05 22:41:22
438,Leninskoye,41.7589,69.3864,65.14,34,0,5.26,KZ,2022-07-05 22:41:22
439,Vila Velha,-20.3297,-40.2925,75.15,89,75,5.75,BR,2022-07-05 22:41:23
440,San Pedro De Macoris,18.4616,-69.2972,86.61,66,62,14.2,DO,2022-07-05 22:41:23
441,Surt,31.2089,16.5887,79.7,81,0,6.51,LY,2022-07-05 22:41:23
442,Kachug,53.9606,105.8817,57.58,89,97,1.52,RU,2022-07-05 22:41:24
443,Vao,-22.6667,167.4833,75.2,71,100,15.82,NC,2022-07-05 22:41:24
444,Hamilton,39.1834,-84.5333,88.05,70,75,14.97,US,2022-07-05 22:40:39
445,Pontes E Lacerda,-15.2261,-59.3353,75.97,42,3,3.24,BR,2022-07-05 22:41:25
446,Meulaboh,4.1363,96.1285,76.96,83,98,3.13,ID,2022-07-05 22:41:25
447,Bonthe,7.5264,-12.505,77.09,80,49,5.55,SL,2022-07-05 22:41:25
448,Jiazi,22.8779,116.067,80.55,86,100,6.11,CN,2022-07-05 22:41:26
449,Kidal,18.4411,1.4078,93.42,25,79,9.04,ML,2022-07-05 22:41:26
450,Mitchell,43.7094,-98.0298,95.77,42,99,14.5,US,2022-07-05 22:41:27
451,Adre,13.4667,22.2,73.26,72,42,5.93,TD,2022-07-05 22:41:27
452,Riachao Do Dantas,-11.0689,-37.725,65.52,91,17,3.4,BR,2022-07-05 22:41:27
453,Witu,-2.3889,40.4382,75.2,79,67,14.79,KE,2022-07-05 22:41:28
454,Kambove,-10.8764,26.5969,54.46,58,0,4.61,CD,2022-07-05 22:41:28
455,Buraydah,26.326,43.975,86.45,17,31,11.43,SA,2022-07-05 22:41:29
456,Volot,57.9278,30.7025,57.06,81,23,4.61,RU,2022-07-05 22:41:29
457,Ajdabiya,30.7554,20.2263,77.45,84,0,10.13,LY,2022-07-05 22:41:29
458,Yar-Sale,66.8333,70.8333,51.6,89,77,7.96,RU,2022-07-05 22:41:30
459,Srednekolymsk,67.45,153.6833,58.95,52,96,13.18,RU,2022-07-05 22:41:30
460,Fort Saint James,54.4333,-124.25,69.75,56,81,2.13,CA,2022-07-05 22:42:31
461,Talaya,61.3833,152.75,71.69,58,99,6.29,RU,2022-07-05 22:42:31
462,Gorontalo,0.5412,123.0595,75.52,92,89,0.92,ID,2022-07-05 22:42:31
463,Sibolga,1.7427,98.7792,78.66,77,100,3.0,ID,2022-07-05 22:42:32
464,Aklavik,68.2191,-135.0107,73.4,68,75,5.75,CA,2022-07-05 22:42:21
465,Shaowu,27.3409,117.4831,76.84,97,100,2.98,CN,2022-07-05 22:42:32
466,Pryazha,61.6926,33.6216,63.63,72,43,6.98,RU,2022-07-05 22:42:33
467,Warrington,53.3925,-2.5802,62.62,83,75,6.91,GB,2022-07-05 22:40:25
468,Okitipupa,6.5047,4.7839,73.36,94,84,1.3,NG,2022-07-05 22:42:33
469,Morondava,-20.2833,44.2833,65.93,72,0,5.5,MG,2022-07-05 22:42:34
470,Biak,-0.9131,122.8766,76.37,84,99,3.76,ID,2022-07-05 22:41:00
471,Pocone,-16.2567,-56.6228,76.28,34,50,1.14,BR,2022-07-05 22:42:34
472,Carauari,-4.8828,-66.8958,76.26,88,89,0.6,BR,2022-07-05 22:42:35
473,Pemangkat,1.1667,108.9667,78.39,85,100,3.11,ID,2022-07-05 22:42:35
474,Cairns,-16.9167,145.7667,66.09,82,100,8.05,AU,2022-07-05 22:41:10
475,Paamiut,61.994,-49.6678,40.95,98,100,6.87,GL,2022-07-05 22:42:36
476,Zaragoza,41.6561,-0.8773,73.85,65,0,23.02,ES,2022-07-05 22:39:56
477,Chagoda,59.164,35.3285,58.6,97,27,5.1,RU,2022-07-05 22:42:36
478,Snezhnogorsk,69.1933,33.2531,55.18,88,91,5.97,RU,2022-07-05 22:42:37
479,Nizhneudinsk,54.9076,99.0276,57.92,80,31,4.14,RU,2022-07-05 22:42:37
480,Akyab,20.15,92.9,80.01,87,100,9.37,MM,2022-07-05 22:42:37
481,Abalak,58.1286,68.5944,52.29,73,100,6.85,RU,2022-07-05 22:42:38
482,Juneau,58.3019,-134.4197,77.0,47,40,9.22,US,2022-07-05 22:39:54
483,Valer,60.6785,11.8331,48.87,83,77,2.82,NO,2022-07-05 22:42:38
484,Togur,58.3631,82.8265,59.47,80,66,10.25,RU,2022-07-05 22:42:39
485,Puro,12.4841,123.3827,80.91,79,100,2.01,PH,2022-07-05 22:42:39
486,Pimentel,-6.8367,-79.9342,64.69,77,20,19.57,PE,2022-07-05 22:42:40
487,Mandera,3.9366,41.867,76.3,55,58,17.49,KE,2022-07-05 22:42:40
488,Ulaangom,49.9811,92.0667,60.66,61,32,6.17,MN,2022-07-05 22:42:40
489,Unnao,26.5333,80.5,87.78,51,49,10.67,IN,2022-07-05 22:42:41
490,Beryslav,46.8415,33.4284,74.93,45,10,6.31,UA,2022-07-05 22:42:41
491,Virginia Beach,36.8529,-75.978,91.42,65,75,10.36,US,2022-07-05 22:42:42
492,Tura,25.5198,90.2201,74.91,96,45,5.88,IN,2022-07-05 22:42:42
493,Leningradskiy,69.3833,178.4167,53.42,64,88,5.39,RU,2022-07-05 22:42:42
494,Campo Grande,-20.4428,-54.6464,67.55,52,0,6.91,BR,2022-07-05 22:42:33
495,Arequipa,-16.3989,-71.535,62.67,18,0,6.91,PE,2022-07-05 22:42:43
496,Masallatah,32.6167,14.0,77.76,54,0,4.27,LY,2022-07-05 22:42:43
497,Belyy Yar,53.6039,91.3903,62.85,82,100,8.95,RU,2022-07-05 22:42:44
498,Asfi,32.2994,-9.2372,68.09,83,0,15.37,MA,2022-07-05 22:42:44
499,Lano,10.1725,11.4715,79.34,65,57,9.01,NG,2022-07-05 22:42:45
500,Kismayo,-0.3582,42.5454,76.37,79,74,17.36,SO,2022-07-05 22:42:45
501,Ust-Tsilma,65.441,52.1498,62.15,92,28,2.8,RU,2022-07-05 22:42:46
502,Vostok,46.4856,135.8833,72.52,79,5,1.41,RU,2022-07-05 22:42:46
503,Kosh-Agach,50.0,88.6667,45.52,80,8,1.81,RU,2022-07-05 22:42:46
504,Sabha,27.0377,14.4283,84.18,29,0,12.15,LY,2022-07-05 22:43:47
505,Lubango,-14.9172,13.4925,55.42,40,0,3.62,AO,2022-07-05 22:43:47
506,Teguise,29.0605,-13.564,66.42,73,20,16.11,ES,2022-07-05 22:43:48
507,Carutapera,-1.195,-46.02,74.75,92,21,5.48,BR,2022-07-05 22:43:48
508,Bereda,43.2686,-7.5406,62.42,100,78,10.71,ES,2022-07-05 22:43:49
509,Jardim,-21.4803,-56.1381,73.58,34,100,3.47,BR,2022-07-05 22:43:49
510,High Level,58.5169,-117.136,78.91,29,20,8.05,CA,2022-07-05 22:43:49
511,Kedrovyy,56.1667,91.8167,54.01,85,96,3.2,RU,2022-07-05 22:43:50
512,Mokrous,51.2333,47.5167,53.26,81,59,6.73,RU,2022-07-05 22:43:50
513,Leshukonskoye,64.8989,45.7622,61.86,85,41,1.74,RU,2022-07-05 22:42:19
514,Diez,50.3667,8.0167,65.93,85,30,4.16,DE,2022-07-05 22:43:51
515,Rondonopolis,-16.4708,-54.6356,73.96,27,96,3.27,BR,2022-07-05 22:41:24
516,Visby,57.6409,18.296,62.82,59,20,12.66,SE,2022-07-05 22:43:51
517,Banda Aceh,5.5577,95.3222,80.76,74,97,10.36,ID,2022-07-05 22:43:52
518,Cozumel,20.5083,-86.9458,87.87,77,40,10.36,MX,2022-07-05 22:39:57
519,Elmira,42.0898,-76.8077,80.92,72,100,12.66,US,2022-07-05 22:43:52
520,Hanumangarh,29.5833,74.3167,94.75,50,84,8.7,IN,2022-07-05 22:43:52
521,Logan,41.7355,-111.8344,91.06,25,0,4.0,US,2022-07-05 22:42:43
522,Pangody,65.85,74.4859,54.18,76,99,7.94,RU,2022-07-05 22:43:53
523,Atar,20.5169,-13.0499,98.04,18,97,7.54,MR,2022-07-05 22:43:53
524,Tianpeng,30.9866,103.9393,81.72,66,0,5.46,CN,2022-07-05 22:43:54
525,Port Macquarie,-31.4333,152.9167,64.29,94,75,8.05,AU,2022-07-05 22:43:54
526,Steamboat Springs,40.485,-106.8317,80.19,50,40,12.66,US,2022-07-05 22:43:33
527,Barra,-11.0894,-43.1417,75.33,52,0,7.23,BR,2022-07-05 22:43:55
528,Yerkoy,39.6381,34.4672,57.87,71,0,3.94,TR,2022-07-05 22:43:55
529,Kalmunai,7.4167,81.8167,80.8,63,100,6.2,LK,2022-07-05 22:43:56
530,Cleveland,41.4995,-81.6954,86.47,74,75,12.66,US,2022-07-05 22:43:56
531,Luderitz,-26.6481,15.1594,55.09,56,0,9.93,NA,2022-07-05 22:43:56
532,Ilhabela,-23.7781,-45.3581,69.4,65,1,4.45,BR,2022-07-05 22:43:57
533,Homestead,25.4687,-80.4776,87.01,81,75,6.91,US,2022-07-05 22:43:57
534,Kyabram,-36.3167,145.05,41.7,76,0,3.65,AU,2022-07-05 22:43:58
535,Akdepe,42.0551,59.3788,68.09,28,4,11.86,TM,2022-07-05 22:43:58
536,Inuvik,68.3499,-133.7218,83.16,47,40,9.22,CA,2022-07-05 22:43:58
537,Puri,19.8,85.85,79.32,83,100,8.46,IN,2022-07-05 22:40:09
538,Manthani,18.65,79.6667,78.06,88,94,4.88,IN,2022-07-05 22:43:59
539,Ende,-8.8432,121.6623,73.45,78,95,6.73,ID,2022-07-05 22:43:59
540,Taoudenni,22.6783,-3.9836,102.85,7,77,11.05,ML,2022-07-05 22:44:00
